<?xml version="1.0" encoding="UTF-8"?>
<project-private xmlns="http://www.netbeans.org/ns/project-private/1">
    <editor-bookmarks xmlns="http://www.netbeans.org/ns/editor-bookmarks/2" lastBookmarkId="0"/>
    <open-files xmlns="http://www.netbeans.org/ns/projectui-open-files/2">
        <group>
            <file>file:/C:/Users/Jmbin/Downloads/Group_1_COMP1549_CW/Code/Client/src/client/Myclient.java</file>
            <file>file:/C:/Users/Jmbin/Downloads/Group_1_COMP1549_CW/Code/Client/test/src/MyclientTest.java</file>
            <file>file:/C:/Users/Jmbin/Downloads/Group_1_COMP1549_CW/Code/Client/src/client/ClientRegister.java</file>
        </group>
    </open-files>
</project-private>
